title,price,url
Shop on eBay,$20.00,https://ebay.com/itm/123456?itmmeta=012DEW30YG0MEEKND7NH&hash=item123546:g:acwAA9KNiJowH:sc:ShippingMethodStandard!95008!US!-1&itmprp=enc%3AbgepL1tlUHjMGCVfSTGJh%2BzsVKeJ3CQk7NizDI4BZeppuFnmyS6Ijyp8lh%2FnEw%2BWqO7uTV1Q6izE1R0T54aV8j71F4xlWfVcGft4%2FiOQhtqVXA1rW6M1atPARQRmhqUxtEPJKhKtSFgI%2Bvwlzb0GwVCtkp%3ABlBMUObkmabpYw
Shop on eBay,$20.00,https://ebay.com/itm/123456?itmmeta=012DEW30YG0MEEKND7NH&hash=item123546:g:acwAA9KNiJowH:sc:ShippingMethodStandard!95008!US!-1&itmprp=enc%3AbgepL1tlUHjMGCVfSTGJh%2BzsVKeJ3CQk7NizDI4BZeppuFnmyS6Ijyp8lh%2FnEw%2BWqO7uTV1Q6izE1R0T54aV8j71F4xlWfVcGft4%2FiOQhtqVXA1rW6M1atPARQRmhqUxtEPJKhKtSFgI%2Bvwlzb0GwVCtkp%3ABlBMUObkmabpYw
Anker SOLIX C300 DC Power Bank Station Outdoor 90000mAh Solar Generator |Refurb,$149.99,https://www.ebay.com/itm/387524943297?_skw=camping+solar+power+bank&itmmeta=01JRZHDQW74357ZEFPEFG3WZ41&hash=item5a3a495dc1:g:IR4AAOSwAD5nGGiD&itmprp=enc%3AAQAKAAAA0FkggFvd1GGDu0w3yXCmi1ceiHDpCKmn5Dad54ZKYW%2BFGSsfZ%2F8Dza1LYijCpS%2Fs3LtxwZlb%2FSUhsYgIgR2ZeybAxU29JQKd8n%2F0nRraRN3D2KPC3w0%2F2BC2ifwDrFx4q0htpXVGJblFRnIzybcY2BLZRyPEaIXAHhZ4865NoCIXGI82rFLF4KQ1os49VKF9a22etm1x8kOe%2FIV%2BSvEQKnbW%2FIKCG2lkaMO8fQHjcJSbUsgUHS9EAGAI6R7WQflNBGkAoR%2BTvbJTFhWczSIWfEg%3D%7Ctkp%3ABlBMUKj-tvHHZQ
EcoFlow DELTA Pro 3600Wh Portable Power Station+400W Solar Panel Solar Generator,"$2,299.00",https://www.ebay.com/itm/144611473242?_skw=camping+solar+power+bank&epid=19054767035&itmmeta=01JRZHDQW7TPYE2K0YAYG45ZWY&hash=item21ab83f75a:g:NjYAAOSwxAlkbtg7&itmprp=enc%3AAQAKAAAA0FkggFvd1GGDu0w3yXCmi1diQ2dxHFXjd%2FQJovkU6x0eQ4TGivjWII0KDYIHx68purhemeoc9Nn82QYdsy9btNzLLrVz%2BgvHu0LkEY8%2BXizJqioUMVPCWB4H2oXkLN0k%2F9EmsCNFNVqn2NW1sRTFgXf0fCi3uX1jifUuAVziUj02RapdHg5Wojq9BJNssb%2FczBlwiMLJco8NecF9ibR2qN3l6rNNYOSLVDPOZU5U0nCJ6XT1KCkE%2B8Mcn5OH3Q%2Fu41k69KGmp6zok58UYnb6JPU%3D%7Ctkp%3ABlBMUKj-tvHHZQ
Anker SOLIX C300 DC Power Bank Station 90000mAh Solar Generator+ 60W Solar Panel,$239.99,https://www.ebay.com/itm/388105721062?_skw=camping+solar+power+bank&itmmeta=01JRZHDQW7AZNYHF4H4JSJCZ1J&hash=item5a5ce754e6:g:6iwAAOSwri5n2Ofp&itmprp=enc%3AAQAKAAAA0FkggFvd1GGDu0w3yXCmi1cCORyQHPytta%2Bj17JR8069LHjqJWZxjPiMEbjWBju0E1LLBvzsYioNBx6AdQi0CAJ0p0tORDT71pYdjFLyuiKrFGF9dycK%2Fj4%2FExvF05KVoWZ1zp%2BrK5lHMqbSNDUI8hVhIujIjsmFRl7eN6R9cXunSPHt2jojnYNOyvrdRWpc4MCmL7YCzx10fZMWhFxljS6pWcBKaNygaqUmgxpMx7zUAhgb%2FVEwrRSqGvg9mDk6%2FU0gZTKUupf7pSpMuAG9ZkU%3D%7Ctkp%3ABlBMUKj-tvHHZQ
BLUETTI AC2A Portable Power Station 200Wh 300W Solar Generator LFP Power Bank,$149.00,https://www.ebay.com/itm/386245818867?_skw=camping+solar+power+bank&epid=22070386958&itmmeta=01JRZHDQW79QA5423132W6DSYC&hash=item59ee0b79f3:g:R2AAAOSw2H9n86fC&itmprp=enc%3AAQAKAAAA0FkggFvd1GGDu0w3yXCmi1cnGAq4WVYwb9622xN4524DcGYx%2FIFjCG7EBHJlgOXmt6JPRJoX%2FhTuxo%2F3TFG8Vd08wvgKnWCbT6GTiTM0uXq3tVp5m9%2B%2BCfMDBk%2BhUvirylS2HFwZ7zjnkMc8gGzkoRHYQW8P%2FGpQGU1whV1XjPtqO9MHH7l01%2BCMPQ3srRxu7i%2BK9mY3xzhEop2jWxMvEv0pR%2FlA6MJ4zTgOMFKmGoFuVgCP0lUWfRIpeh5h3jd6SMwwR9BG%2Fww%2FugudZZb%2FOEo%3D%7Ctkp%3ABlBMUKj-tvHHZQ
Portable Solar Mobile Phone Charger Panel Power Bank Waterproof Outdoor Camping,$25.99,https://www.ebay.com/itm/185169325152?_skw=camping+solar+power+bank&itmmeta=01JRZHDQW78JSY5TRDXFE62505&hash=item2b1cf3ac60:g:nZQAAOSwGUxe~Ut0&itmprp=enc%3AAQAKAAAA8FkggFvd1GGDu0w3yXCmi1dxC8B%2FD3eaBv4G88XytckyL8FNxVA%2Bt3YPPR8SythkvhxV7XZDuDrxV4A%2BIzdA6yWw9UU69oVMD%2BpUlBKOBrJs71mWvpM0krj4zDqCKWzOqmt%2FfSxMm%2B5W6sLYVubVCArLKq2X5gAccIl7rpiowCOQf%2B9w%2FizE40yR2ayie3U2UTVzKRgl4lAMDw9HHjb8lp8HJihe3hxf1FOHgO4AMw4yMXBgIE4V1%2B3UfVHmWBF8QMRBwqbEaHTezXmlZib6CMWiaTSVmFrVNAiTot4f8a6fBtTgCwrW%2FkS0TqvD3%2B7lkg%3D%3D%7Ctkp%3ABk9SR6j-tvHHZQ
80W USB Solar Panel Folding Power Bank Outdoor Camping Hiking Phone Charger,$28.99,https://www.ebay.com/itm/375398341224?_skw=camping+solar+power+bank&itmmeta=01JRZHDQW7WTR6HRA7009F6PF1&hash=item57677c1a68:g:BdoAAOSw01RmKxHt&itmprp=enc%3AAQAKAAAA8FkggFvd1GGDu0w3yXCmi1eGniXpsvxajU0s7Yn9yrnTPruTmPrRPp8oA6hIqtHZhZcPaNufgnBwbimOEgorXXzJRff%2B8dKY%2FclMBCfzjm7prc0dn%2FR2W9UKLdTJQecu8fDpybjOCJAcM6Szr8l%2FWMXbVojKmSJTTqMbo%2FKnywXUoYerd82Vu2vTLlR2BEhm9jeXUT%2BvcybuSdAoRVO1k0Dt5C9uOmBuhuKzA7pnuZykNO2BJWCjWEAVkWrc903RMZ9%2BhfmrfXUtb7zkvvYg%2BI3UrGyZs9WStCRCxxU1NLFqyYUMV%2Fofoa2aLlbDJIpVcg%3D%3D%7Ctkp%3ABk9SR6j-tvHHZQ
Portable Charger Solar Power Bank Panel Waterproof Outdoor Camping For CellPhone,$26.38,https://www.ebay.com/itm/354057536174?_skw=camping+solar+power+bank&itmmeta=01JRZHDQW7S1X68PSTR01QEZT4&hash=item526f7942ae:g:5KAAAOSw1P9ipFop&itmprp=enc%3AAQAKAAAA8FkggFvd1GGDu0w3yXCmi1emJ6lr9s6M4QJyaj%2F56IzQssHah6qOT0VziUYnHunJNvwDy7mMrRVjMZbH9VvsGoeRBnhrqLVeLveupFeVXcWrd7joYB7rc04vFa3nBVgXJNNjqPm9csEJjThnRt7DilWxP89cq9mbgXQyvhcfEfn0%2BfLJoK1xMT5kyiQANczgzxAbvOU18K4HOVPyaelNqBOZKDrbjVpXDlJhTE8sk1CkjT%2Bfil6NbxRKXXajWkynKjMcRZkRiLVo4AZq6GK3twMX9repo5lo9teArOFoowQSaX9zq9TBHdLF%2FUVYcFBPnA%3D%3D%7Ctkp%3ABk9SR6r-tvHHZQ
Portable USB Solar Panel Folding Power Bank Outdoor Camping Hiking Phone Charger,$18.94,https://www.ebay.com/itm/204990202733?_skw=camping+solar+power+bank&itmmeta=01JRZHDQW7M5VRMHMYM6G5KJ54&hash=item2fba5e436d:g:EP8AAOSwsTxm4-wQ&itmprp=enc%3AAQAKAAAA8FkggFvd1GGDu0w3yXCmi1c%2FZJ4i%2BRggXFutfZLlFGRRsChKU84spxgRlA%2BKWhCNLogPj0SFU337mH1f5NpcYW%2FK1Mvh4u1UIP0w0wtw2QSrRZlnmiZew3oySN2s0Ib4rf1qjoDPriQNXsVyDsd07NdKN4yaaC%2BaZpZlfc8NUNiTiqGOzEZIo58hXEADvrzFFaG6hrGWb9QIi98fVx8YCvMX28tqUWXpSWN6uPrlRFH10Qx%2FEGcgBzYVtvl1lA1TmlqGHoOpIdNAzIeoqR8viuuJHdgnfaFSphr3RM87vl2Bu3ryi5ebTgCL1mBIHJ2%2Fyg%3D%3D%7Ctkp%3ABk9SR6r-tvHHZQ
Portable Solar Power Bank Mobile Phone Charger Panel Camping Waterproof Outdoor,$21.99,https://www.ebay.com/itm/135643003934?_skw=camping+solar+power+bank&itmmeta=01JRZHDQW7F5MZ20AN3N8Q9ESB&hash=item1f94f3fc1e:g:QXcAAOSw4apn3orP&itmprp=enc%3AAQAKAAAA0FkggFvd1GGDu0w3yXCmi1cDTCAHQGDQoqSYi0bX8tB1dqryvTz%2Bn8VrYenQDF3dfMoTOiKwdnexj55hOhsfLG8%2FlZBgFfPwPitchiEgYbcQjiLwhGv%2FkafyFggOWGjF0w5SBxoGRptSFEMVh9lwTGquXVGYzRZkPmBF2HT218Up9BcWr7PZKe46THIks%2F6BprTUCcyYZwIuRguD%2FncZpe0YuMGEHlecrl1kZadKgRWxA5dLH8MT91dKXWqwt08Et5SVNvkePjPL%2F%2BZjERW1VQc%3D%7Ctkp%3ABk9SR6r-tvHHZQ
30W Solar Panel Foldable Power Bank Outdoor Camping Hiking USB PV Phone Charger,$33.99,https://www.ebay.com/itm/145250043651?_skw=camping+solar+power+bank&itmmeta=01JRZHDQW76SRFN0TTTD6PV2G1&hash=item21d193c703:g:wCkAAOSw3Axk1ebn&itmprp=enc%3AAQAKAAAA0FkggFvd1GGDu0w3yXCmi1fc2AL7jOHmcGG4xPTT2kCL2PpAsvNo5fbRGn7ZdC%2Fcy6LzFm0NAWW0PyMU1uSkL%2FV4mtMqDd5egNSdRHc0TCuOuIVjZLRkC4%2FFunWcJOXon6UloAYrQPKy7cuBlE%2FduxPQKBuGPVi8YBVPf%2F%2BTPfpUjmosBfxDdmSKTVM9eIyEbl%2B0l3J%2FxRND78NpE%2Bc3FG63ZLcja07%2FPO6qXATh5h5PyfNwwz5VL5fLVqrZdUwcFqW8iBXoHGWgdXoTXXvGC5g%3D%7Ctkp%3ABk9SR6r-tvHHZQ
Solar Power Bank Mountaineer Outdoor CampingPortable Cell Phone Charger Panel,$26.99,https://www.ebay.com/itm/403125795041?_skw=camping+solar+power+bank&itmmeta=01JRZHDQW7X8GC3ESTZ25T6230&hash=item5ddc2b78e1:g:knEAAOSwsR9hER1f&itmprp=enc%3AAQAKAAAA8FkggFvd1GGDu0w3yXCmi1caEk3tR34seZTbebeyYOQjI9I8duo55ivJKpBJETsrDmqsTcVQtmCSMdenip350lqsN4gSv--968eET7tvnUCzsY113vKqVFcPhCgeLaQJ%2FmoCxmCbeP91TCC0vjWGj2RdC5alMZQzgUeQJtLORRew0rQWpUPpfELNfv1bHZkR3O8U9bpPqYmqWHosALnslgFRKreyhkxcnK0mYm9K%2BzhXOs6f0i0H69G04PHbqIBCf7fHYs5YwQSPAfgVmjWSzlBONi%2BGfT%2BXwcI1zrX5y1f2I4f%2BWZipSYErEH30Bb%2Fn6g%3D%3D%7Ctkp%3ABk9SR6r-tvHHZQ
2USB 60W Solar Panel Kit Folding Power Bank Outdoor Camping Hiking Phone Charger,$52.44,https://www.ebay.com/itm/403678908982?_skw=camping+solar+power+bank&itmmeta=01JRZHDQW7H9273P4XYQPJXK36&hash=item5dfd235236:g:UgYAAOSweYdijZps&itmprp=enc%3AAQAKAAAA8FkggFvd1GGDu0w3yXCmi1cAyOaIj1OzdK%2FFbneiOloQsITJUaQvwPt3b8%2BT5AXWNNyhfdur%2FNN7cOEHETt5midjiGbTUNo%2Fpu8M6st8HlvxD95VAv0NzoHZuEzs%2BWo8fE53z9DazNcsZhza2cm%2FJeAtHbMDL7LbH8FhcCpUd9a4NFHtUljzvMWNsm826h3qft5CJwESBchxwKUB9e1x%2Bt8zl3UjKd0h%2F5AMkIxR6rBiZZgwVZbSzK%2Byu%2BOp4PQzU2FbAQgEzBSpvvelC%2BMmLq8cX3d2Lc9IETQ9oMlMh0P8FdNKB7S9d6JDqKRJ0rdXBA%3D%3D%7Ctkp%3ABk9SR6r-tvHHZQ
BLUETTI PS54 700W 537Wh Portable Solar Power Station for Camping Fishing Hiking,$249.00,https://www.ebay.com/itm/286400552580?_skw=camping+solar+power+bank&epid=6062470999&itmmeta=01JRZHDQW7XX6W7VV6AKWY0KBF&hash=item42aecd9e84:g:wM4AAOSwYzBn0lS2&itmprp=enc%3AAQAKAAAA0FkggFvd1GGDu0w3yXCmi1flDaH6fUtFNQ6DTTc00LMcceHQmqwEhY91YtZyuSSnq0Ucn8ybthXJ1Bbj293PdrZWSm%2F71GTuqCe4tRMS%2BSJ7Z8hlxbf5Dj1l4TSB0oi4ByJG7EeIOffQpghDhmARfdpd8MbyquJsW2VjWKyj3z8fKhDICYhjULvcdxIurWA6h4%2FvFGwGLy%2BJhJhsDQD6nnsypLgzM2BW1YvidHAf8Yci5XxR8c%2BLV0Qj9ygMu8kHjyaYyj2S6kHGRZwfi%2BcT26Q%3D%7Ctkp%3ABlBMUKr-tvHHZQ
BLUETTI EB3A 268Wh 600W Light Portable Power Station Solar Generator for Camping,$199.00,https://www.ebay.com/itm/135204368152?_skw=camping+solar+power+bank&epid=26054520784&itmmeta=01JRZHDQW873GAY7S2AZ5F7E91&hash=item1f7aceef18:g:QEAAAOSwZXRmxp~u&itmprp=enc%3AAQAKAAAA0FkggFvd1GGDu0w3yXCmi1faVHyhiSjet%2FKEwj2N%2FNNeYtyPTs6bGA9FKmj7OcsMV5t7vrjYl%2FrFwLEVIqSgx2SuJlmKowGDibeNKzTksb6wI1F4CyViUKMrfN9onkBpUabkV0j6kDF%2F3x9kaiadmCFXacn7KU%2FemmbX%2FdkxciAUPtAn65m3qgCtaTM5ztUopU2tD4AixIO2Z9bWoVwFPf0dqbpAV2Ic8Eine0phIc8fuvpteDN%2FkNSaNxO0m%2FosEpu6OORop7gupZdaHdZnb9o%3D%7Ctkp%3ABlBMUKr-tvHHZQ
5W 12V  Output Battery Charger Solar Panel Power Bank DIY Camping Hiking Outdoor,$18.69,https://www.ebay.com/itm/126736186885?_skw=camping+solar+power+bank&itmmeta=01JRZHDQW88QM1JYXWM846646Q&hash=item1d8210be05:g:DbIAAOSwVdZnFzrf&itmprp=enc%3AAQAKAAAA8FkggFvd1GGDu0w3yXCmi1fUpRKqKp3CxshDK53tWq9Nd1ERe%2FAoTs21ocxWPX4zbnN9sXEibFzUssKs4kpWrc0x2cYMQIX1hxIrQu0p8bkLnEbcoh4TXgxx3f1BZk6v6MKDt4cZ2J0KMg8of%2FC0AfSkIWfHRpNFNKMFNbAjyYgaxCs%2FskmvfYaBytzG6CdSAbVxyPe0ez8j8D7dDqEN6%2BzaI%2FROlGsBfD217Gpu0deDtntpoRHp8FK0TlDV%2FTGbLWToMEIqUeaHyMliji8UssFs9TYHTFKCnoYp7X3yVlvM5oDFgI9pqqxhgNY3KkIP1A%3D%3D%7Ctkp%3ABk9SR6r-tvHHZQ
20W USB Solar Panel Folding Power Bank Outdoor Camping Hiking Battery Charger US,$13.65,https://www.ebay.com/itm/254627104912?_skw=camping+solar+power+bank&itmmeta=01JRZHDQW898E37GHFCWRJX84Z&hash=item3b48f54890:g:-NwAAOSwmI9e6PrY&itmprp=enc%3AAQAKAAAA8FkggFvd1GGDu0w3yXCmi1fxzIjRF5hwwUWykQ2MjS0Ofi3FdpjYIVcm1HVgDYHJsw%2BZUOAX2DiutYF9FdQLH05jBxh5ZyWmqm4xl2xaEZ8pcT3Qk2FlP%2F05uu1l9Vl2t8XfsRYv%2B55BiyyaJvJRY0RBNSC1WA1KjnoAZRQizZyq%2BVGxZD%2FPkJF9kppOLspwWifoTXdypjulMxVssfZyhRNX%2BYR%2F7qp42BuPOjPuJERqUcaGIFucScaQqACEGhnCiqcpch3LSKjylA84WGx%2Bu14bp8QxLVvfnLjw%2FhnxOOGQ38YDqlraXfzFNXC4K4T4wg%3D%3D%7Ctkp%3ABk9SR6r-tvHHZQ
20W Solar Panel Folding Power Bank Outdoor Portable Camping USB Battery Charger,$29.60,https://www.ebay.com/itm/313367755717?_skw=camping+solar+power+bank&itmmeta=01JRZHDQW81A3P0PHD2964B9VZ&hash=item48f62c7bc5:g:KlQAAOSw0Ptf8Wfk&itmprp=enc%3AAQAKAAAA8FkggFvd1GGDu0w3yXCmi1fP%2FH6hYK6ugy29xRyX75Zx2Ap8GfieCmSNkNoOvt7AoVmB7UX30DWcZqZJ38Eu2TTv%2BV9gxe6jcGlZHx30pM%2FznvzEOAvbjP0%2BDRVpBwET9mboCP7ZAW8ufdDeyHJR%2BA0sxTNjppE7fiI1yqVdJZhI7316eYujmBsncz56Mu2Gq8horTBeCGA760azG6i1hh%2BukgRkJzR5Id95RGdhx95oi4cN4cHdz%2FgZ56OOYz4tQsF4DbvaTN0hMH6gUEituMSGk%2FyrXov1sXGx5RHUcJARvXmdEUJitw%2BL0iJCx8j7Og%3D%3D%7Ctkp%3ABk9SR6r-tvHHZQ
4/5P Folding Solar Panel Power Bank Charger Waterproof Outdoor Camping w/ USB,$24.99,https://www.ebay.com/itm/125042172158?_skw=camping+solar+power+bank&itmmeta=01JRZHDQW8RA7MCD7T7SS06BZH&hash=item1d1d1820fe:g:hmEAAOSwp6xhndfo&itmprp=enc%3AAQAKAAAA0FkggFvd1GGDu0w3yXCmi1d31wjbBOGeI7RYYdxQ9dQTD%2BNky3fTRvQIXjCVe2CeRiXZrvT5cgBswHmyvNQCTNxjbJ2d8%2FsGspOP%2FcFgj2SxtKk2yy9RwXj8hbt4Ktw0QNcyLfCB1bMALG5JNxfHhXNq0Fn3hVF75QkwoEUB1BgfrveeuqxW6bfHB5H3nMMQjC0IKtSXwLjC1MojRE15SQQiA3qHFvoO18q6X%2B%2BQ7pl2ONmRTbTHG2M9F3YjnsCfl8TU0JSkbfvTKKO8g9G8FgY%3D%7Ctkp%3ABk9SR6r-tvHHZQ
USB Solar Panel Folding Phone Charger 80W Power Kit Bank Outdoor Camping Hiking,$26.74,https://www.ebay.com/itm/314636053512?_skw=camping+solar+power+bank&itmmeta=01JRZHDQW8RWGAW04PKEBFAG7B&hash=item4941c52c08:g:ScEAAOSwkHdkgUeQ&itmprp=enc%3AAQAKAAAA8FkggFvd1GGDu0w3yXCmi1ceNGTLtgHED4%2FutrGCBL39YVPGhhIbIzyCid1XJ7ZRi5RgS8gEHYe0kTNAEsy9oQyF7w2%2BLD7dbpUiuoCk%2B2LDBuliWQnN0an0IR7h08hA8ayTEYpsEa2DKtGrGdXQFq8kzrZAwOXBomAzsDLHN8XZ80yuHstWPLHX3zbK9xnch6hDI5WTHDIJvlWFxMNcNq4dMgg02RiYyGDE6GKHy3aB%2But1GnA6p4HQr62K%2FXKp%2FCF0%2Fn1t%2FvGDMSxFOmhozMzv3VAM0KvV7HMEww4k6FbDCe4jw2nv%2BtZI2%2Bhf%2BoC6dw%3D%3D%7Ctkp%3ABk9SR6r-tvHHZQ
5W/10W 5V Solar Panel Power Bank USB Phone Charger for Outdoor Camping,$7.69,https://www.ebay.com/itm/126868122832?_skw=camping+solar+power+bank&itmmeta=01JRZHDQW8RRG65DDJ6MPCZFA6&hash=item1d89edecd0:g:p1UAAOSw89lknPv4&itmprp=enc%3AAQAKAAAA0FkggFvd1GGDu0w3yXCmi1eqUKEHjrC%2Fog2tmNxVisiElneuZErbMk%2BhnwoxMNSEDEfO7w4F46Zwlxv7UzZ4gb2GQcfUUCk4IlNUf3X49gqFfqOlYyOtW%2F2sqiOtSB0LINxnumfWTFL%2BIOHKaKVSubJazW3wIe52zHvBFRmU63ohx0lqIMkctgbywryLvcrPPv37lTH9fZ%2B27%2FNaazaXbnbdeDxYZ2uJ0HY4a92J6SYijuX%2B6AwwswacSo62Y1iQMQT%2FVD5Myj2%2FFwEY2hUyluQ%3D%7Ctkp%3ABk9SR6z-tvHHZQ
20W USB Solar Panel Folding Power Bank Outdoor Camping Hiking Battery Charger,$15.98,https://www.ebay.com/itm/403037411475?_skw=camping+solar+power+bank&itmmeta=01JRZHDQW85M6V94TWX84FJFSQ&hash=item5dd6e6d893:g:P-kAAOSw5RRe5-ii&itmprp=enc%3AAQAKAAAA8FkggFvd1GGDu0w3yXCmi1ed7fNv9h50CWkd2OFvE%2F3rRbpW7aDG%2FVSXbMo6zpvoia87o56NKeGVtYEmpF7LtnH8VU%2B8YVEQzykm7pYvp53D3aS5P0P%2BXhxIM2tXE1S6ArFTDvPzeLdfeYctS0Iw6CntHup7YdKzQ7iry7S%2BieGwNQfP7UogvLAXBHKiGAr%2FTxZx0jykGWl5zbtKXUcSI9%2B76Qpc%2F0jae3%2Bloz075k987zgoRmqUvfHgFwCDMzEAnX44TLroB86VfHZGOLlygd5%2FPkopBFWcPnoGp0ZgH%2BU3%2F%2Bd6bvolvggkTppEDLjmXA%3D%3D%7Ctkp%3ABk9SR6z-tvHHZQ
Solar Mobile Phone Charger USB Panel Power Bank Fold Waterproof Outdoor Camping,$35.99,https://www.ebay.com/itm/276369410534?_skw=camping+solar+power+bank&itmmeta=01JRZHDQW85J1XF01DK48JRPKN&hash=item4058e689e6:g:gcsAAOSwTSJl6VEC&itmprp=enc%3AAQAKAAAA8FkggFvd1GGDu0w3yXCmi1fIN306JA5K24YipO1hC6L%2BikAZj2Ck0lPtM9GsED3cqasIxEh0aTgkJoIsFQDkrS0X9Amkvl%2Fe1pgVp0vtiC7LQTi62ikj%2FKth%2FdxbCZf4HARof8ZiPb9OsqKZgwlR4UigDiwnvNRctCzA39%2B3kV8nLEG540ouP3qpS%2FWqoG8axQe1eoVz7cGQ4R8zXwRzstBCxw1OT8eNTRCqNMoj6%2B%2BOzEKgY5QWkfBUUkJ%2Bp9QoPwFjXaIsvOK%2FRolMFrtOL6CjUMgU40xH8Z0iO9Dr%2BQOFQotYvFsSrn6vQX00vxzqKA%3D%3D%7Ctkp%3ABk9SR6z-tvHHZQ
Mini Solar Panel Solar Battery Charger for Power Bank Phone Outdoor Camping Home,$6.55,https://www.ebay.com/itm/365353215859?_skw=camping+solar+power+bank&itmmeta=01JRZHDQW8TWJG83AY8TBTHB8D&hash=item5510bfa773:g:T5oAAOSwzqVnM-6q&itmprp=enc%3AAQAKAAAA8FkggFvd1GGDu0w3yXCmi1fk3DYopH1pVU8gjcquO4qqD65GgEeIlWGVyD4JoBvlfkgGILiPdWI9E2NPCWe2NPYdLHSdG3xshZl3mWwKO0nkQYBXgJm7GT41cw%2F6yB5RtgJVPGS9%2BYACfInCkWotd%2Bi87UakNrY1H%2FPmleW8fiyImRgOg%2FchOkhzEgBFAB6Zxn%2BHdUC%2F03fFPvGQkGPgN00rSDhXFuDn61IP4rNa8hn29Fse6QQg%2BhoQANe%2F4vlirfPFL6TLvBySfwLKf03idUAtjHaR%2F7hUxGN0gcVpkIhyCeOCBKSXXcgvGrdpx9lgJw%3D%3D%7Ctkp%3ABk9SR6z-tvHHZQ
80W USB Solar Panel Folding Power Bank Outdoor Camping Hiking Phone Charger Kit,$38.12,https://www.ebay.com/itm/296614641593?_skw=camping+solar+power+bank&itmmeta=01JRZHDQW8277H05VCQQS75TBC&hash=item450f9c3fb9:g:-nsAAOSwEmxmOZJA&itmprp=enc%3AAQAKAAAA0FkggFvd1GGDu0w3yXCmi1eoGXYTXXbqQI52%2BDGtkdtUjPUVsaXQ%2Bk81Jeo7%2BoHquvGyTYTJgHJj5eIRUY8e6wxG7VCMFcspxglX3mJevMu%2Fu%2Baz3nbuifESxM%2F37SAKh1VIBae3xoys6uWhwwYe%2B9ODF5uiALmi6TCblzvsXoUhWd5augYc0x289GFUkyJGR4XO%2Ba6t5D%2BdV4YfvrTGOvf5DX1kKJdG2VxKHyFYR%2FtKxF1VoNjNQ792pmks1b%2BBhwBH8EeMzedriFj1Xlp8ebk%3D%7Ctkp%3ABk9SR6z-tvHHZQ
46000mAh Hand Crank PD20W Solar Power Bank Charger Built in Cables Fast Charging,$59.99,https://www.ebay.com/itm/285999641430?_skw=camping+solar+power+bank&itmmeta=01JRZHDQW88GC78WZF3K70BM3J&hash=item4296e83356:g:Cw4AAOSwGwdms5ql&itmprp=enc%3AAQAKAAAA8FkggFvd1GGDu0w3yXCmi1fGlNzHBBfDgHUuq6RhiA%2BN81iRs6eBsyeuP7Ng%2BQFIrsr51fsp4qbuVIyP%2F6Ng7VDoXQCBP3NBLaBXtqm9BsOCbec9BoGcOkU4gmGexLYXVIXDHXLUitAO%2FVm7ZsYdcUnKo%2F1uPriTnRRcwHufqzLPpPEhrK4iL3SI9p2KdX5DH5A%2Ba9RG2FQXJ1QAxlHCck7UWystmDwDM7cyKWwqRiKnA9fnQPu%2FFnD%2BTQNR4BGZYnTkvb3z7FcaBAtkfw48DEmnczbPsn2Qcv5FrAzTwUTRA2Z%2FJJ09CyWYzXt2EIEfag%3D%3D%7Ctkp%3ABk9SR6z-tvHHZQ
Anker SOLIX C200 DC Power Bank Station 192Wh 200W Solar Generator for Outdoor,$169.99,https://www.ebay.com/itm/335676089575?_skw=camping+solar+power+bank&itmmeta=01JRZHDQW8ZDZVGD0VFXG6Q4B5&hash=item4e27daa4e7:g:mGIAAOSwKpdnN2O~&itmprp=enc%3AAQAKAAAA0FkggFvd1GGDu0w3yXCmi1e9FoPFHZuGhONLWG%2FE1jGOJKknTvgb0AYML3Htg17%2F58sjwzAD6cIjGO%2Fj%2BIZWegManYEL8vfU2PrAKfzJ26%2B%2B%2BwlS4W8VmZZqRoNQb1RRPBDM%2FG%2FieW9ZdpkyNnLkNfSlcS3IQuTL5i90khAN8eZFpl58%2FlMsQLHqyFLqLlGy8AvyiLULlL6d7xV4zjjtazzEFECPN1IJ9FUbxvXE6us3QHDW6fK%2B6ixaiHLVvb5xa39mMZl3M6vrPJLfhA0B9wg%3D%7Ctkp%3ABlBMUKz-tvHHZQ
Anker 522 Portable Power Station 299Wh Outdoor Solar Generator LiFePO4 Battery,$149.99,https://www.ebay.com/itm/386708235148?_skw=camping+solar+power+bank&itmmeta=01JRZHDQW81G67B9D0BT7FJMAY&hash=item5a099b638c:g:mSkAAOSwnDxn~jGv&itmprp=enc%3AAQAKAAAA0FkggFvd1GGDu0w3yXCmi1fnpoJqY6XAQj5cdsBD4HhmWf80xHEV8N3qoeoFaFo1ekqG56hYlfiuECz13kS0EnJz4ru4p4kgjmROPBHiLZC7VkiAM%2FGhP7VMmwUQ9BxbbyYakqfY%2Fcsw2qo3gndfkbkm0b3zUzB5oHlyNHDFRXCJMxD%2Bn5W%2BePoSrk2qaOAXCCgwyXV1PmvKm9TDzYNEXvbjxbSPhBX%2FSmBsRP%2Fo2vyeHAccnT0b6vp7XcvlzILxCytv1VoeeyjrRCCp%2FfvcNNs%3D%7Ctkp%3ABlBMUKz-tvHHZQ
BLUETTI AC200L 2048Wh 2400W Portable Power Station Solar Generator for Backup,$799.00,https://www.ebay.com/itm/386734425598?_skw=camping+solar+power+bank&epid=24068553876&itmmeta=01JRZHDQW84XA907EYK052XXKW&hash=item5a0b2b05fe:g:nCcAAOSwoNpm4oeH&itmprp=enc%3AAQAKAAAA0FkggFvd1GGDu0w3yXCmi1cLzZGOULV572muWmFQmP%2BxpbODqN%2Fhwuz5cvA8sS%2BDAcfk4EH6fvUkj1dmpdTKtGpMBlbJnCnhsvdMZMtzLXLh6x5duIHQty7fCiVI4FT4bsIVdEN1TdiZswxKwNw9DlfXoqj2zBa8IalTBCU6Ak8ntwFAOnqkkTFo15Qsf4LAd05uAruP5cicJOj6imAzeG5nAI4gafKAD57RKCi70d5YYLZobhh%2Bkklm1npp4sljxgRstoIOiTnjqtP74us%2FAE4%3D%7Ctkp%3ABlBMUKz-tvHHZQ
BLUETTI AC240+B210 2400W 3686Wh Power Station Solar Generator for Backup Travel,"$1,499.00",https://www.ebay.com/itm/387797792387?_skw=camping+solar+power+bank&epid=27069312431&itmmeta=01JRZHDQW8ES6ECG02BKQHFK9Q&hash=item5a4a8cb683:g:Z1gAAOSwfepne7s4&itmprp=enc%3AAQAKAAAA0FkggFvd1GGDu0w3yXCmi1dYQcKEcQTtnZEdxnVCTIvbHAgDA6iOeN%2Fp3RmHLRYMKgbUzJOfGUSyj5SrIUqTRA43POFw1KJPq5mB0%2FmG7Im8dzfIS80B76U%2BO9srADppbRVHCjPbdTMVQxaA2k27uByLr7wPDs0TTfSj6dDDgapF0hU8mlwjFvHizGM7ccLn0%2Bgk5tjkFvkFj1NbIFpnB%2BJkTjysGTtdmCxc3EL65VQuV9rip2jNmP6kU2LXcGqiYiickbd2m011p7YFTjTGfro%3D%7Ctkp%3ABlBMUK7-tvHHZQ
Portable Power Station Solar Generator Panel Power Bank Outlet Camping Emergency,$149.99,https://www.ebay.com/itm/335425882127?_skw=camping+solar+power+bank&itmmeta=01JRZHDQW8DGWCRRR13RMNG4AY&hash=item4e18f0c80f:g:YEAAAOSwE19mXmYH&itmprp=enc%3AAQAKAAAA0FkggFvd1GGDu0w3yXCmi1dOJRGXyPHw0z%2Fogkn6fAtT7hZaUFgZ6IHuntgG5uZkPmKPImga%2BlYclpjKm8Yh7bQnNSVJiLdUqCVsASLl8l3IMxgrl6%2FZql64t1LAenVPjUIfNVfnQ8PfMk1HfNyGAzKkuXr5IeMv9VsSfCLOho%2FLTf892jvtytgYcW3SJS2fCIiWTSiCWLOX9ks4D8nMah0%2B5WQNmcVghgB9OyQ3a1PR%2FR6MxJnYdsm%2BZrx%2FG9vG1EB7mV9Nd4n071kqN8dTLB8%3D%7Ctkp%3ABk9SR67-tvHHZQ
"200W Portable Power Station, 155Wh Camping Solar Generator, 42000mAh Power Bank",$109.99,https://www.ebay.com/itm/126548670722?_skw=camping+solar+power+bank&itmmeta=01JRZHDQW8128BNBHA0C0TY65Y&hash=item1d76e37902:g:IsQAAOSw0e1mfH25&itmprp=enc%3AAQAKAAAA0FkggFvd1GGDu0w3yXCmi1exkqh4Et9POkfnlhDg15rDvMja713ZO%2FFfP5SCyndejgxqEtLE%2Bbg2rZIpCLTly2gH8q7WtvV%2FGCmI8CtN6kCglXJgUoyHbdVfpqxnM0ebGdTtL4Mgo9HNfujkIEe08hoT5mxSse6J4Z%2BFi03oJ%2BzVxrgkeE552E4Ij%2Btf0McUz2x3Nlc36BLdF3ZwBPCSV5EPwVn4%2FG7ICjT3CtescGJo%2BtByiaQCSOCBzw7BnH2Wo1%2BDcCcXARt1meYxcuVaFsc%3D%7Ctkp%3ABk9SR67-tvHHZQ
Solar Radio Portable Multifunctional Radio Power Bank for Outdoor Camping Hiking,$27.91,https://www.ebay.com/itm/296797994653?_skw=camping+solar+power+bank&itmmeta=01JRZHDQW8Q0XM1XVPJ61ERYN1&hash=item451a89fe9d:g:dCcAAOSwDoFkJg8P&itmprp=enc%3AAQAKAAAA0FkggFvd1GGDu0w3yXCmi1fu9xuwHT8CwVS%2BLXFB2U%2FgWY6r05cuUP9BFjRrYed%2Fyz%2Bw4jbOe9Zm9BQjeiiQXwoytl0Ig9ZrOxOvawBEM%2BtXG5J%2FoJO4RLLpKmz%2B%2Fz9UG65t9l4VzCz4kPVWAjRaMvQvYd7TQedJ2O3SAuqaSnLnywBR3BJuoS9%2BvbUJry%2FfJWGC882HujgtFXknMt%2BlhwvVeVo28B%2FlSXlRvDiG54BS9A6naFJ%2BK3z%2BVxmx19rmo0nfNmbq%2B1rr2jfjy01sDxY%3D%7Ctkp%3ABk9SR67-tvHHZQ
500W Power Station Power Generator 110V220V LED Light Emergency Solar Power Bank,$96.51,https://www.ebay.com/itm/387705735052?_skw=camping+solar+power+bank&itmmeta=01JRZHDQW8NFZ4QYYS6YT8TAS8&hash=item5a4510078c:g:DE0AAOSwe-Vmww1I&itmprp=enc%3AAQAKAAAA0FkggFvd1GGDu0w3yXCmi1fF6m6c7C63FLrLL5%2B3Vo7PypV0RQq6cxrmMkj6NvGSHZ0BthTOfhuGnI3C1X%2Foe5AHhB5vnIRapojqO0lQp3EscvKqtYPWFCwe7amojWhqfVuVSDlnMedQhU6FwacGTvF5d%2FJuC8etvZEuEWDKmv9GMYgS1W%2BzASS242ykLlS%2F9vuq%2FBc1jNgbmHFC5PGYYS6mAho%2BzffL7yQ1L8hi2s0NtUtAXpk9IBRQgvTV%2Bq0nyB5HDvu3%2BI20BsZZWs1PR5E%3D%7Ctkp%3ABk9SR67-tvHHZQ
500W 12V Photovoltaic Solar Panel 1000W Power Bank Kits 100A Controller Camping,$101.98,https://www.ebay.com/itm/196831265845?_skw=camping+solar+power+bank&itmmeta=01JRZHDQW8K791WPX12KE5YMHY&hash=item2dd40ec435:g:5MUAAOSwwtJnE9C-&itmprp=enc%3AAQAKAAAA0FkggFvd1GGDu0w3yXCmi1eBpBx6F5vxDYsh7dr78jnueVjYey6FBsAOF81%2BpKsfYx7nD%2FbGCsKSnez0b3FX%2FmCbIZ8xN9a2NZbKt%2FHTUzVlrz6HA60gLzhy%2Fr8CSzw4RMFubjrrGWsr%2FSM393wfuBLsMrGx%2BxGoyqgG5gWCyphPAYsO88H1rIQBwpYIm0%2BPS7pe8RNKYTEmpukWmb15xvb%2BFL6j4GE2RnxpZZX3Si1X%2BkASCD6VKO8HNMn0gDfT0CUSMU6axvuDNEHfz17Swrg%3D%7Ctkp%3ABk9SR67-tvHHZQ
1500mAh Foldable Camping Fan Light Solar/Rechargeable/Battery Powered Power Bank,$13.88,https://www.ebay.com/itm/186810200746?_skw=camping+solar+power+bank&itmmeta=01JRZHDQW8ANZ4D6PTT85K4XF2&hash=item2b7ec172aa:g:fhQAAOSwEm9keodH&itmprp=enc%3AAQAKAAAA0FkggFvd1GGDu0w3yXCmi1eWEIKzXiLBnDjQKkW75U3pU79sfj6dovqOBzaBjC1lzJcJncgrZfrlLXNucR3imPjv3CUQW7KmQx9v3otR%2BB8th%2Fn3nDo3At13u0iLeFpx8raKhERKojefRNWUSqd7rZPVYg3JRREDRaCNiWL5Xv%2FBqvU851UxeqvT4igvXUlsxDIcQKu24qtcUoijG7KndPZR316LNImljKC9jX8kV22OR6Bci0%2FWnDDAI%2FNFVpcEnz6o4YmlmCjd%2Fxf9mceBPtc%3D%7Ctkp%3ABk9SR67-tvHHZQ
3000W Pure Sine Wave Inverter 24V Power PWM Solar Charge Controller 30A Car Camp,$280.25,https://www.ebay.com/itm/204404840543?_skw=camping+solar+power+bank&itmmeta=01JRZHDQW8Z4YTZC4MKC8QH9NF&hash=item2f977a585f:g:vAoAAOSw5XNhxYbj&itmprp=enc%3AAQAKAAAA0FkggFvd1GGDu0w3yXCmi1cphSlZR004gpDf4r8hDxOQmVDsN4e%2BFfhrGB01w%2BKi84THWgFIqMCs8ZBECo1PxudVD2Po%2FPk1MTRFsamre1cI40xiNREOA1rR60AJr37mJoFswLEvGXGFbZYCwMBIWOKQ83eQG3qmMbIaBtmEPMCePR4TXXyg1hNuIdqtrcNYzDoQF%2BfdQXiyZL8%2Becf52grN1%2BH2HmaCUJk%2FO%2B5DCmTu0GkylD%2F2mgcZKJ1WPZiDmabD5IS38XS0f8743aIwHiA%3D%7Ctkp%3ABlBMUK7-tvHHZQ
1500W Power 48V to 120V Pure Sine Wave Inverter Camp Motor Car Home Solar System,$122.55,https://www.ebay.com/itm/205173222755?_skw=camping+solar+power+bank&itmmeta=01JRZHDQW8F4TEQBSF2ABQGVHF&hash=item2fc546ed63:g:LOQAAOSwDT1nY9Ha&itmprp=enc%3AAQAKAAAA0FkggFvd1GGDu0w3yXCmi1e9clmVkXJAdzE3gpi%2FCGeNvWAWeShq0hATRqThCybHQK3q7yOqGMKmhMpDyULecmyLMUT6HC7IuEH%2FonKpH35JERUJlaMLv2tytgeGC6P1IsJA4%2FN5kV%2F6d8y8CYRdMOMH8n9ZSMlRsmktsYm3VRCtAbG6UgW3z2OMSmczj8aXDHalAHrIfTwpdO6W0e%2Fao1j8La%2F6e%2B%2By2QdeP6BhKYRApHPIRvyUTMYm%2FEobbrV%2FOH7qx5EDVJVemWby8KzKauM%3D%7Ctkp%3ABlBMUK7-tvHHZQ
USB Solar Panel Folding Power Bank Outdoor Camping Hiking Portable Phone Charger,$24.92,https://www.ebay.com/itm/205007876695?_skw=camping+solar+power+bank&itmmeta=01JRZHDQW9PM2PGBMK7D6NN7R1&hash=item2fbb6bf257:g:bmgAAOSwvDZlXc22&itmprp=enc%3AAQAKAAAA0FkggFvd1GGDu0w3yXCmi1cHloaZGfYSjnuPLsLoooaMdURkcTGFlJGQfZ3i%2FaD6qZt%2BDFXC0QK83mvJ1PY4f9RFnv%2FRBiElB6Ze2lo6A1k89tujy3%2F7Df6Gs1lbBx12lTxeUGOXgwUh5zQSOUbdCw9HvP42yWM75Buudppq1WbPt23KAc8WsJMVx24%2BiYxAzavHRbFmnIjuKiHhedFvU6kqbg0ucV9mqUUWsuOgNBNhSExVKWpAwll4QUwEDZ372gGADhoSDeTcsbph7Of%2FfcI%3D%7Ctkp%3ABk9SR67-tvHHZQ
Portable Power Station Solar Electric Generator Outdoor Power Bank For Camping,$58.56,https://www.ebay.com/itm/396243949817?_skw=camping+solar+power+bank&itmmeta=01JRZHDQW936WSYYWDV2RVZSB9&hash=item5c41fad8f9:g:RLAAAOSwRoRnRBkV&itmprp=enc%3AAQAKAAAA8FkggFvd1GGDu0w3yXCmi1eCK9eZin3lQPNYw%2F1stdZOLc1UpADzka8D12z3q4jmbLfdzNQ6XeCpmiHP6zrECnLILt8McpfW8OcM6XaF6dcPLsjnoYxfzV%2B9QP%2FnHvp8nufVD1Tydjwf6hpWoxbS7gnsNezTw35QKC3NG%2F6qjzxDBORj255NAR7VH0dEIsRoAy1H1rDI%2FWONlX%2F19GHCc4oQkJ3hhGM%2B3Sfv69Gc5GA4iyc2zsQsx41FMq%2Bk%2ByaXuiWF2FD%2FXpKVqthZavSdvoidF6k2ywEyv8CKWrZVjnJFnhU%2B9XF%2FF6Q2sanMuTRuWQ%3D%3D%7Ctkp%3ABk9SR67-tvHHZQ
Folding Solar Panel Power Bank Outdoor Camping Phone Battery Charger with USB,$32.48,https://www.ebay.com/itm/267133229748?_skw=camping+solar+power+bank&itmmeta=01JRZHDQW95XMGQTDMS7K66H8D&hash=item3e32619ab4:g:iqkAAOSwM9NiKvVb&itmprp=enc%3AAQAKAAAA0FkggFvd1GGDu0w3yXCmi1cTt4jbWS1I4vu%2BOal%2BSZ1vvadVULSC%2FIt5ltG9H%2FlKJNDGcm6%2BSlZBlqQ%2FW%2BXrF9UnGq2n%2FD07xRHnf%2Bjrt5eOaUsdUAuSeQqn%2BiGB6K7gDEFFokFtFMYLclhhDT8toXLqSh93qIMkxvUJRPa8rTpnRL4FuImvdNDc4K%2BQiEN%2FOYoSPUIJQLKmLGpCzaiLWB2rT%2B3G2oo9wBHadr1RVPRuY2ZLc6rM%2BWKswBt4fHainP5XXwkY0L%2BYmY5J996FKXI%3D%7Ctkp%3ABk9SR7D-tvHHZQ
Portable Solar Panel Power Bank Mobile Phone Charger Waterproof Outdoor Camping,$25.69,https://www.ebay.com/itm/353721482023?_skw=camping+solar+power+bank&itmmeta=01JRZHDQW9ZY2DD11P4KWQTWC6&hash=item525b717b27:g:nZQAAOSwGUxe~Ut0&itmprp=enc%3AAQAKAAAA0FkggFvd1GGDu0w3yXCmi1djlN1iZSgaPvcAAf%2FZqjDNAUEhIbb%2BfYb8LZnkc0jMI8MRofQ1LBsT4WO%2FsORMAWnpr858MvLOnJA3IZ5LAefC1JyIXBa%2BJkSGazsPoICd9SiwnSQ%2FNVa9j%2Bz1nKuV3PNNrrDFqE%2ByxY0FXAx8vKtcPW95k6wiU902YPiRrWZoKGy%2BVfaQh2%2F80BjgOqJWFYi8BzMSZXCCNjyOf3KEO2tky9pI4nuGpSKQDlIpdR%2BkL5huJ%2FAGWit7dKTxZ%2Blnhtg%3D%7Ctkp%3ABk9SR7D-tvHHZQ
USB Solar Panel Charger Power Bank 5W 5V Outdoor Solar Charger for Cell Phone,$7.88,https://www.ebay.com/itm/186758710892?_skw=camping+solar+power+bank&itmmeta=01JRZHDQW97VD5WTKT5V6ARTJD&hash=item2b7bafc66c:g:fcUAAOSw6d1kJBts&itmprp=enc%3AAQAKAAAA8FkggFvd1GGDu0w3yXCmi1eaUnHXPHGfzB8HJ442WDSt6Ia0UqhppXgscqTlyS%2B2t5t%2BFqOhmW8XlVeKGCBYn8Y9zom32StYznJmulY3ThK6sBUYfqqvPGAEiAm7nz1k14TTAEKgN3Jgerzm10C4oYo7T34hZWoH71KV9XwUs%2F47UilMgMDqZLnBHyYDAWyuGEHlZiOaj%2FYmh6yio%2B6GENeTbXCcAEY8I%2FaNK1qm%2BRHC6K3PjHHFSLc%2Bm9CVcPro2LCYcDSMSc16unxf8ZzpMJgpT4nddSLBnaZZEjTc1nxn7ydkHUPEBRrucEVCNEEXig%3D%3D%7Ctkp%3ABk9SR7D-tvHHZQ
Wireless Solar Mobile Phone Charger Panel Power Bank Waterproof Outdoor Camping,$16.99,https://www.ebay.com/itm/186834957033?_skw=camping+solar+power+bank&itmmeta=01JRZHDQW9AWJEW1W9X60MXCBS&hash=item2b803b32e9:g:WOsAAOSww-5nV6vv&itmprp=enc%3AAQAKAAAA0FkggFvd1GGDu0w3yXCmi1eXWcwcHvBG7tVgjRYhb%2BiciqrCi7FyEp9GdyxxInhAV%2FismcLxLbRqJxMSLl9q6wTGGgvIDN3LFh59DSmrWPcgddVdo6ovYU1FziWVevnDzktdxCytL0u6DRY8dcY9eUWRWH3c6S3vVq6vy0IyoXMLF7ECtQ2VMvk493vVdm9Y%2FbKdqsgjh%2FA8Zc%2FUdjIxylC1SIo%2BDJ9dzZzZE1uZvmZQ6hmRXr2gj6i958ZyO8pj8aneaJQKx1Lk1gMEVOdQvvg%3D%7Ctkp%3ABk9SR7D-tvHHZQ
Solar Rechargeable LED Lantern Camping Power Bank Emergency Phone USB Charger,$29.99,https://www.ebay.com/itm/312852765804?_skw=camping+solar+power+bank&itmmeta=01JRZHDQW91QW9V8G0XTG3ABQ0&hash=item48d77a5c6c:g:T~MAAOSwupxn~rgL&itmprp=enc%3AAQAKAAAA0FkggFvd1GGDu0w3yXCmi1fiaNaEZS%2FvTTjlxlj6CHJ%2Bv6eAZXXX3pVVUtiEnhRJnTYP%2BL59tTcUjYKDUt7s0p1yxGd3abNSRwyqBEh8DoXNYP5ZDQJ7zwQN4rkUQOMGTP8g6AY0TWgNpCGrSwrkZoIw3ff4uCTfNR50nsg1nGwqmaO783HaiSx%2BbsqB72gVxIj6%2Fdy2FGoPr1eP8CMJhYl3gIA42rDYpnlMFjTwEqZgJt1e34FI3MtG8zXZ2pbiIXqJpq9NObEZ7H3jGdRLqrc%3D%7Ctkp%3ABk9SR7D-tvHHZQ
40W Folding Solar Panel USB Power Bank Outdoor Camping Hiking Phone Charger Kit,$47.13,https://www.ebay.com/itm/146518641048?_skw=camping+solar+power+bank&itmmeta=01JRZHDQW9A1V82J89VGEQTX5A&hash=item221d310998:g:eNEAAOSwXxNn~c8h&itmprp=enc%3AAQAKAAAA8FkggFvd1GGDu0w3yXCmi1d76VaGb0cjgJ5kahEDlR5BxOzO3%2BKfHf%2B525BDklGklJT8w4K%2Fr83nC0aFDli%2ByUmg2ZB7lKF4rQlpVqSzVaLoPWb0VAEDJElSpag2thd8a7RJRVl17RZaAyBzTcZqwHs8yri4ZijUPQG0ceADjtDqNMUZN%2B7Ayf1%2BJPICTpxR7smykSIPyLZUQ1eG74cIuZhi1TLjh4pfp4hEDw3pZZ4g0CWOrwtMYEEvvDcLs4jXQkzDoTVTAO%2BOsNgAwwS2J12pdV1Yisd7ypbqk5EIOjbf%2F50dbL%2FXGefPWfeZZ3ZjJw%3D%3D%7Ctkp%3ABk9SR7D-tvHHZQ
Portable Solar Mobile Phone Charger Panel Power Bank Waterproof Outdoor Camping,$21.99,https://www.ebay.com/itm/135485160668?_skw=camping+solar+power+bank&itmmeta=01JRZHDQW95ABEK133Y5Z97X7F&hash=item1f8b8b7cdc:g:SlEAAOSwR55e~Ut6&itmprp=enc%3AAQAKAAAA8FkggFvd1GGDu0w3yXCmi1eRcITdPzjZBeuxQj8vMUtdpLbrChGGph0BKSqz%2Bqw1B2Iui%2BruT4FU7Lp7nZGD6JthsbOxXFiSi9Fc4mCHseKqbg4N5Qq1BIe%2F2WVhuhuayrBIUxmdkrdar0zZdlypWWma01OkY8Jkf%2FrusW1rHalSsrZb4%2BpcgfetGUE3OYNZuVEGkHCbgFXj3WxiU9tGOW2YpuNq%2BDrFRuRsWmCECWTtMzcotevM9ahfgjDjQtUlV5ti5mUV8pKLUFk8zzRO%2F7eGAORBRhjDGini0F7FLdumVtvHhnIGyMbkL%2Bljoafukg%3D%3D%7Ctkp%3ABk9SR7D-tvHHZQ
80W USB Solar Panel Folding Power Bank Outdoor Camping Hiking Phone Charger,$30.46,https://www.ebay.com/itm/126736186969?_skw=camping+solar+power+bank&itmmeta=01JRZHDQW9PHT4C80HHAMRHMWF&hash=item1d8210be59:g:47UAAOSwuRtnFzrf&itmprp=enc%3AAQAKAAAA0FkggFvd1GGDu0w3yXCmi1fIA%2F042YcnLEKTHStxVH3Ge30MmnNRUA5jYc2cRaI7Clqbo7m%2FU4VI%2Fg4duncK1nOA3wqs9dzaPt%2FX%2Bl%2FJVU5FWLtDYI00R%2BhHlu8O0mzxaYfFl6bNELw7nN2A8nT591ruY4CqIUKtHu69rJqX7U213D%2BUxYrVgKPj1IhPJeQOv%2FxUkDNy9iPz6jBkL2udSy%2FQXNj8HWqavSz1%2F6hj69wuGUs9G2hfRRhhpjVcO6fOQGz%2FqsEDD4EMDEziopsNDwA%3D%7Ctkp%3ABk9SR7D-tvHHZQ
14W Solar Panel Portable Folding Power Bank Outdoor Hiking Camping Phone Charger,$43.45,https://www.ebay.com/itm/356465642683?_skw=camping+solar+power+bank&itmmeta=01JRZHDQW97V10QQX26X7WQCGA&hash=item52ff020cbb:g:ZjcAAOSwlMlnhdhL&itmprp=enc%3AAQAKAAAA8FkggFvd1GGDu0w3yXCmi1dISxpwNuBLLBKUMd0TXjJ34%2BwyeST%2Bs4cI2Z78lHGzkKlCQhe6DjbLn3OyEYk%2Bz30DOMC1jo1ApRkQIYmkzznANjV5FcKa3Ozfp90tLPoyfJubM1H7r9p%2FZS3SfTo8h3XogKG%2FG87PqKZFJInC1T7elm%2BktE9oQQY9uq8Z%2FsaDqPx9retwGV4zZvGh38loWxOFtG6LZfsUGOotuq7qFXgmmQTrAxwFttgO63Jtp4jadUd5QkLpe4fVL2J2QNJE0ZgLmIV5xA5SjozkQTpZek1SFeEkENwVewhmY%2BCl7RXT3Q%3D%3D%7Ctkp%3ABk9SR7D-tvHHZQ
Solar Panel 5V 21W Dual USB Folding Power Bank Phone Charger Camping Hiking,$31.19,https://www.ebay.com/itm/286243415494?_skw=camping+solar+power+bank&itmmeta=01JRZHDQW9Z07J9290FDGJNA7M&hash=item42a56fe5c6:g:YIwAAOSwo2tnG1s7&itmprp=enc%3AAQAKAAAA8FkggFvd1GGDu0w3yXCmi1eg5GpQbQrFB06VUp5pv373q9cDdAgFH7xdpyvnfRWyb5siKbfuJ%2B4esoQd4KkA9%2FcH2349Hq3UyPB9LI1LL%2BQv6rmRf0AkjhLumL7cfL5uZRt9AS51ppCIPD1KobHx9arrrEKXB4sLFFvyFbXkrK89%2FyDX4ZbTW4y5qjDp3CNlUN8io0OxnrjbebiYCNBD6Lfp0cg%2FCqyfLxkyy8e4Gm1RNsRzQllDv5j5%2FQCqEvecTLi32jSELX9%2FzrObAUqyfTSuTp6mJR4t7Ev6HRNtFIuLr%2FU1JSF8ZIcgoKodzuyEsg%3D%3D%7Ctkp%3ABk9SR7D-tvHHZQ
14W Portable Solar Panel Folding Power Bank Outdoor Camping Hiking Phone Charger,$44.64,https://www.ebay.com/itm/167251719472?_skw=camping+solar+power+bank&itmmeta=01JRZHDQW9926R768QRT1GF48H&hash=item26f0fab530:g:9sAAAOSwMUNnhedW&itmprp=enc%3AAQAKAAAA0FkggFvd1GGDu0w3yXCmi1ftOD2mO0WIDytDDxCpasTR6M85EjpwGQ8Z8%2BjYAZ4Bk3vu5HhJlsazt%2Fy7bc17o%2B5FaQB0SzmqvLUaBlMsF9gKR3J9U7AA602jckpZ%2FNKa7FluiAesVBK%2FUXsFhUl%2Bgfoyq0Z73VPUfneiAabrHVEZ39DkOMXF7YlfOGhvdDNSMjmU9ezXs7TH%2B5YpwDjeI9tbuzLQwpxu5jRzECp1tnSc6zs6%2B4B3xSovcovH49SYv9GazdDkZvE3f%2FJYPIr0Uk8%3D%7Ctkp%3ABk9SR7D-tvHHZQ
6W/5V USB Solar Panel Folding Power Bank Outdoor Camping Hiking Phone Charger,$14.99,https://www.ebay.com/itm/396311322182?_skw=camping+solar+power+bank&itmmeta=01JRZHDQW9V6N425HRNFRFZEMM&hash=item5c45fede46:g:Q2QAAOSwI49n0QWO&itmprp=enc%3AAQAKAAAA0FkggFvd1GGDu0w3yXCmi1fLBWhYn14KPZFUnpOhOpf0dgrdqP3rgKsMLmdioCW%2FY0xqFj5eetdQ%2Bpsn5WcbPgD6Zjal3rLylMFgIqV4p4RsRcal1Oq9M3Pj9kDVqZGOGt4ANSE8j4l58Uy0GmA93%2BD%2F0vlM19ve%2BEgIKCdTKTfhi3g6XK23UASNj%2Fbm1hXPZ0DI4m7c2%2BUwl%2FM9SxSomloH1HZI2in2YctFVoGeJfv9%2BGHr6dvP01dMLcbkOG2liLjA3xYgKDRRHhj1h%2BF8Yh4%3D%7Ctkp%3ABk9SR7L-tvHHZQ
Portable Foldable Solar Charger 10W 5V Solar Power Bank for Camping Power Supply,$17.88,https://www.ebay.com/itm/387746343171?_skw=camping+solar+power+bank&itmmeta=01JRZHDQW92AF86YJFFS8JPK52&hash=item5a477ba903:g:l~cAAOSwCEtkJ4Bt&itmprp=enc%3AAQAKAAAA8FkggFvd1GGDu0w3yXCmi1fLBjkiQh9ukrWP9go1S5DdNGD%2B%2FDlZVQvrlPvHOCaOCwonHiyvKkx0e6OXvvU3g6Ec%2FjCD%2BBt9LNDuFCTuOoV29nAKv%2Bvfr3P--t5FVwlCp9s2ZeFepgH9qnvE0Btwt%2FUQra5vQB6mF7SDNU1u%2F6K4hyaentpIE6m%2FpH3VJStXKqAseEKpEYCQvdwXM0m1vipIJMuNbp4UcNHAAoNO2cwmi1HdXWsOEJpIUPEKZ5ysYTqM17B7Aco4OwjHvLPlGyXgtFoUsxeFpKJfuOcjCgYBHxyonvCKIDnQyL3fDUGBOA%3D%3D%7Ctkp%3ABk9SR7L-tvHHZQ
USB Solar Panel Power Bank for Outdoor Camping Hiking Phone Charger 5V Portable,$8.09,https://www.ebay.com/itm/226465713976?_skw=camping+solar+power+bank&itmmeta=01JRZHDQW9EME0F0P288CNHP8V&hash=item34ba688f38:g:-rEAAOSwPWZnRCMI&itmprp=enc%3AAQAKAAAA8FkggFvd1GGDu0w3yXCmi1dgd8BYQ%2B6k62%2FPhRUXF9aOxqZAwNLSS41644V2F2YinmwhSoAnLK67QNgidar5dhUr3f4c5ztYkNbzwFL58fau9mgH9JzaTIUb13d2DIfFJ27aZVq3HAf6e0vrECeF8eZT1hy1OxLpf16spxDjlelY1Dp4T02c0Q%2FTgDaHFEKgV206lYYs9mrTChy613b037RMCpjXuZ2Punoy6KOSHCMWBJQwMEUdMYEJM3ipo31RCQb8AKe2%2FNRcBys8%2BYj1c3Zwyqep2yZxTOUFVvSvhLmP37vB061vSZhNWJMQhxjpmQ%3D%3D%7Ctkp%3ABk9SR7L-tvHHZQ
Flexible USB Solar Panel Folding Power Bank Outdoor Camping Hiking Phone Charger,$25.19,https://www.ebay.com/itm/205033430816?_skw=camping+solar+power+bank&itmmeta=01JRZHDQW99GF0DVFT6TQ93VPW&hash=item2fbcf1df20:g:7X4AAOSw8xVmFg7z&itmprp=enc%3AAQAKAAAA8FkggFvd1GGDu0w3yXCmi1dYvB0dI16uzfuTqTScKG8D%2BIhI6TnoljPcc2FJCzQYrGYny5Vrwfm0JcySBY6Iy7gLju%2BZQ%2FqGPRSPEEKr%2Be5Ognd0YpuajkgP%2B61SOz7EwLNDr6FrA6dUbsNyU%2FOGjJtqMDZOjd1jF0DmC1s7MRihcIa4Wfa5ur%2FGMlzvlh8zZEePRFTTyr7D2vvMhUrGEoh43AJ5ue%2BYsUD2UUKjZK%2FY2ci98xjbwJvDA98BfEM8Aff7vT7LpBLexElkY820BwEozG1%2B9ThRAx1wJCq1CeF%2FgfgGqQzq6eHYN0%2FGbFIG2g%3D%3D%7Ctkp%3ABk9SR7L-tvHHZQ
Portable 100W Solar Panel Foldable Power Bank For Outdoor Camping Phone Charger,$19.99,https://www.ebay.com/itm/204149218306?_skw=camping+solar+power+bank&itmmeta=01JRZHDQW9J6JZA8XVQQDK4ZVC&hash=item2f883ddc02:g:oLoAAOSwMspjbef0&itmprp=enc%3AAQAKAAAA0FkggFvd1GGDu0w3yXCmi1eUol1ezyqJobJFP6BtbngVhP6YJrWgIkGjn6t%2BGS9nZ%2FXsKfKLtX8f17gQYU6l%2F%2B0dkj3a92jmrxfgqxcWKAZLsAT9zJcx0kn%2FnZeAQzJT6GvL615DRDsclxv8duBH3Ne%2FzuQk3uNoS2sOs%2FeYmTxbRgwQEnWRZlLrJ4QoLvYOrQYuZUEFb2hhMn9msPo4aoZ1NjLlXdczZpQCwyOJaS6y43VkVPy3ObdclYqtsLmZVKCiiC%2B6ItMoLmDV4kvMkUY%3D%7Ctkp%3ABk9SR7L-tvHHZQ
40W USB Solar Panel Folding Power Bank Outdoor Camping Hiking Phone Charger Kit,$43.53,https://www.ebay.com/itm/316658132453?_skw=camping+solar+power+bank&itmmeta=01JRZHDQW9W1RS97CNC9MVRHEZ&hash=item49ba4ba5e5:g:zFkAAOSwl1tn~gQ5&itmprp=enc%3AAQAKAAAA8FkggFvd1GGDu0w3yXCmi1ddH1fSmjuMUE%2FZy0oYanEMbQZ8yCp22I3RTaPDwbPp4LcZRLpIloYHv0fbCFQkdaLCYvypUmOkSXDSBr6ZnY7vHMq105ZPNxo2YW6wLs7mrxc79ll0Vg4h9t5TZQWfxarAFupLk2nfoPEi%2Fw7DCyuYZ2Mv69eBqMFF5u%2Bdh7NTPPPztd0bd61NisekrM9ystAOhy%2FzaIVCdBUVcgPRZ9LfBIJW4zpZWRjzOmIOUf4EweDC%2Bt50evvTnQk0LCArADUvsFPPumD72RlmIa9SQ%2Bf9gUqiRRjhaxuIGO5oq%2BnWNw%3D%3D%7Ctkp%3ABk9SR7L-tvHHZQ
10W/22.5W Solar Power Bank Case USB Charger 18650 Battery Shell For Cell Phone,$18.51,https://www.ebay.com/itm/395640729044?_skw=camping+solar+power+bank&itmmeta=01JRZHDQW9V438YTC7DEZ9F18D&hash=item5c1e066dd4:g:3zcAAOSwaqxmPIXY&itmprp=enc%3AAQAKAAAA0FkggFvd1GGDu0w3yXCmi1cODelXu1v8aieN%2BRDquzaEptyd50UB13Nt5m7WdnotSiDz6jUR4YmYdInQjcSVcZd1thr6RNNDAOL7eSz4WhGoEffFyzbuGg8Tozqs1szvRyDjiiNJAL0dfICCO1vMGLAOnQO1UZ%2FrQF1WDUR288LODVudD6nIDo302pWmNKn4DDOCOiTi0OUS7lozuGkn8rhZeZ1MfGWQm5iyn39Z%2FpbgDnvrWmyQjHYjQmSqIOO3wqeg5FkEJwEq6JDg2XokddI%3D%7Ctkp%3ABk9SR7L-tvHHZQ
80W USB Solar Panels Floding Power Bank for Outdoor Camping Hiking Phone Charger,$26.96,https://www.ebay.com/itm/145744796258?_skw=camping+solar+power+bank&itmmeta=01JRZHDQW99JFCV64VRK9H14MG&hash=item21ef111a62:g:mqMAAOSwT69mLJB~&itmprp=enc%3AAQAKAAAA0FkggFvd1GGDu0w3yXCmi1dz1jASc6eIisPYcl2bhybilkNsMJDIcq67g1c8UKO9cpz7C4vAm5lAW0eW27zb3%2FkYRyp%2FgBA%2FPwV4xsxW5chgbnW7OymuuyCRfG3Cn9OTWXOdybt8IRnvstLOFVXDxFdE5iTBYdvtMPUi2KKwv7fgp1I65jNo2Bc9gpVG%2FzRZNbR30Sxo8IppXUXR%2B4gsLW540EqmXw%2Fm2c5rJPPoXS2elZFJUSNCPLGzTpSSwF6wWtJyXxiLQAO%2FHWJdHy8Psgc%3D%7Ctkp%3ABk9SR7L-tvHHZQ
Portable Cell Phone Charger Panel Solar Power Bank of Outdoor Camping,$34.16,https://www.ebay.com/itm/174876864580?_skw=camping+solar+power+bank&itmmeta=01JRZHDQW917JQ17XTD9KG4SR8&hash=item28b7793044:g:SlEAAOSwR55e~Ut6&itmprp=enc%3AAQAKAAAA0FkggFvd1GGDu0w3yXCmi1datAk6DTlp%2FseTcwQHowm%2F1jM5WxgeJJCd1n9yleEnKKbVq62LKXS6G4pGyfr6GXmuqt14zC2uvwtND6VwPEDKg%2Bw13Em0UV2XEuIqPrPEc4VNq0o3PvcxVTZ73ScZLTkc3HuL6632EpYIjHBymlPKHuI8gHlaBXZwjY4fMrs6rML0mjiVUiMc%2FaeUhdgR%2FK4%2FAWmeUbt%2F1FIgtancWrUozWwN1sWgJ7mvp8hBOH%2Fp3jEReudBDjk%2B7vA%2FUgBLx%2BM%3D%7Ctkp%3ABk9SR7L-tvHHZQ
Portable Solar Mobile Phone Charger Panel Power Bank Waterproof Camping Outdoor,$30.41,https://www.ebay.com/itm/354676833475?_skw=camping+solar+power+bank&itmmeta=01JRZHDQW9AD0YVRA7EHT3Z71W&hash=item529462fcc3:g:atQAAOSwLjxkIWp6&itmprp=enc%3AAQAKAAAA4FkggFvd1GGDu0w3yXCmi1cYx7Zbh6MuPosXEuWX2jgL%2FButuFe4aH6VKyfmnB3nFGHmshFnWr2%2Fopg9A3M8FOaqvpV2LHdDLCW2zc2Ad95XfnStEj3xxjsZMy3Av1mw8RaeX%2Bs8eI5Mv19hXjzW6isa6Fj9bwUypadjdMPX4BS4bDdAiS4%2FR0S7KFdELMUaj84YapHGSUQH4ZZOmKOsKcVEfZTzNpqJVWyw9uf5a1AbXQPvTNU0ydu%2BY1YogJf4wr0ZxEwITxOmZPTstaI8wWl4vJqRa4M1%2FuPL0f%2Bo35yH%7Ctkp%3ABk9SR7L-tvHHZQ
USB Solar Power Bank DIY 5W 6V Solar Panel Charger for Outdoor Survival Camping,$10.78,https://www.ebay.com/itm/365330052461?_skw=camping+solar+power+bank&itmmeta=01JRZHDQW9RM1MZPDXPB7R7XJR&hash=item550f5e356d:g:7AIAAOSwbBNkH2GL&itmprp=enc%3AAQAKAAAA0FkggFvd1GGDu0w3yXCmi1d0E8Aj0q9Spwtg%2FHPZy4BTJ5Q8Sr%2BDt2z1xnKbCFrm5hNRqSopl4ooI%2F2ubEU5r3E2X5sGwwKdlMV1wDG1er%2F0atePd9tA1azJhDx%2BhC8eegLDab7EhrTHenVkl3KX26OHRGbtWzsJxmAPnCfUwczd5g1tud9EfYLbRbwzMMqNBhd7vWWsb%2Fi5SImWXuep9iqg0ZKFS1Q89aqdwuGpGlxtnG5i6oIjA27TsM0QvTxbSHT7d416Jg9jLtTTgmljZzs%3D%7Ctkp%3ABk9SR7L-tvHHZQ
Portable USB Solar Panel Folding Power Bank Outdoor Camping Hiking Phone Charger,$26.99,https://www.ebay.com/itm/286458640847?_skw=camping+solar+power+bank&itmmeta=01JRZHDQW9KWJP1TTX0YS8R10N&hash=item42b243f9cf:g:hAoAAOSwJDpmH4~a&itmprp=enc%3AAQAKAAAA8FkggFvd1GGDu0w3yXCmi1crIyjAMIyueNzrUIRzqLVrYv5POocVmqDmPeLWqgTf1xK2CCRIbKnHRlvXhgrIAZiTr6raUo%2BoHEHub6C6K85Du0Y2YvbtR8Z1TAMvB78dnozaVkPRPcD%2B6G8UV4vr655TguNAyXIEqvBI7118tFV8hwXVAlgLNtjDUIgQ0dtA1VphmoY5whyeC6IsPtKaLB7M0riTtix3ZoxVyCKcnyBJv8Y3x8xCf1OzP2kmYa7p5RNilT2qrjkQEOaa5ntnj2Lqv2LEQKbb4VMcjFxfEulaw4jOakPxZhDUmf%2BPdv1uvg%3D%3D%7Ctkp%3ABk9SR7L-tvHHZQ
13W Portable Solar Panel Folding Power Bank Outdoor Camping Hiking Phone Charger,$51.14,https://www.ebay.com/itm/145780438525?_skw=camping+solar+power+bank&itmmeta=01JRZHDQW9B91YVKPXXMT8PYED&hash=item21f130f5fd:g:hqYAAOSwk8pmOuwo&itmprp=enc%3AAQAKAAAA0FkggFvd1GGDu0w3yXCmi1coE1DneUBvuRH29s4P7P5tnVQrVVSXUUqMUbc2uTssOtYKN%2BoIH9OYYAfKRH6fiRnMLbJ6uNjUCbtNpcrEfb9Fm8qyEeB%2BW130ZVBw498dkrU5k6BgV3%2BNjybwQ5EWH1R4cXTWlFgHesd3TlmysZQgHdcolF92HyxZovFdjFwMxTzZRX2WdKndpmVEpTBX2kulSc3EtOU2VOXxHNjXvFDuz3S2fwUMFks3O0eVnsu4%2BBpWStMCS6Ysahpn6v70o60%3D%7Ctkp%3ABk9SR7L-tvHHZQ
20w USB Solar Panel Folding Power Bank Outdoor Camping Hiking Battery Charger,$37.59,https://www.ebay.com/itm/384726212933?_skw=camping+solar+power+bank&itmmeta=01JRZHDQW9SA0CEXE2X9CG8W4C&hash=item5993782145:g:4GoAAOSwymBhOxCL&itmprp=enc%3AAQAKAAAA8FkggFvd1GGDu0w3yXCmi1eUuIGM1rLVYOvd%2FrPG%2Fu8j0YdQg%2Bkajq4XgYGQ6P9hRVCnFs5fNwE%2FIQPPxcg142V%2BYtZfV%2B24uUkFTLE2bM4VV4QpDrAjkCscDjs0oqlb4LpCDzHUQNIa0iWwR0tqUrlACQN3XwqfjRMyt4aovFIm5%2Bkn%2FER26lF%2F6jjvEJFn7vkKyGBEEE8rt3%2FkJSZuw7OlwJiU4iaHWEbtuMf3umMjYIGa3P3LDCsFtD1BNMRC3ZXdK9mJOAvqXU%2BABBwXOhBiNLKdhem4EJb0VErFWuJPgmr3iIs3sFnwJsjNTaGMzQ%3D%3D%7Ctkp%3ABk9SR7L-tvHHZQ
Portable Power Station 300W  90000mAh Power Bank 324Wh Battery Pack AC OutletLED,$192.00,https://www.ebay.com/itm/285530509780?_skw=camping+solar+power+bank&itmmeta=01JRZHDQWA3XQJD4G9XMB6X2N3&hash=item427af1d1d4:g:i0QAAOSww1xlOEBR&itmprp=enc%3AAQAKAAAA0FkggFvd1GGDu0w3yXCmi1cDVLjL6zDKBsM4MPljpXgB5gj1LRKkSLWVBwXCNny1R5Kr27oV5QiLGtebovaIQ%2Fe1QFLqwTzEcnrvGs4HYb%2BkbWTHRCtUlPmxSi9G1NFj%2BZyIMvIIC8d6C6FjkB%2Bz6%2B7TjQkep0igUFpAhZYoShLFquKIkOhR6X6PkGKC5PI%2BGAlU9cmuZLvtq9In4KgsxJ8OnBAOymbXLf2zAtK%2Fffj5V3p8Va%2BfQUxWZz2Z%2FYO9%2ByTWtA2OHVAOEnITknfZ4WI%3D%7Ctkp%3ABk9SR7T-tvHHZQ
Solar Panel 5V 21W Dual USB Folding Power Bank Phone Charger Camping Hiking,$34.31,https://www.ebay.com/itm/197132216651?_skw=camping+solar+power+bank&itmmeta=01JRZHDQWA2P9S39CNQY56X7F1&hash=item2de5fee94b:g:jvkAAOSwFlNn3SMn&itmprp=enc%3AAQAKAAAA0FkggFvd1GGDu0w3yXCmi1eaj0khIbOJ6ogDXmN3QU1paXgjgsi7aZTtbe879H%2FjNjV7EbhzUFTfX0YWaciuK%2BQwTkIUs6YjD1rGBCKRvvkY9%2BuCBBClRvrFRCjlg9GwoZXvcKdiHlMk6R5ukj9huBONz9JlP4zC4gU6SFml5OLv9VqLGE0dmSG3QxHqL5Nme2SYJ9AGusofXicrwJ62EpOmeBC4EUZ2pGoFzkfHNE5OyMtJJDHO76DhPv72%2F80C8M4Zsc7zdnoUEjWGy8gecTM%3D%7Ctkp%3ABk9SR7T-tvHHZQ
6W/5V USB Solar Panel Folding Power Bank Outdoor Camping Hiking Phone Charger,$15.03,https://www.ebay.com/itm/296504569845?_skw=camping+solar+power+bank&itmmeta=01JRZHDQWATBTGTW76BFF7EHP9&hash=item45090caff5:g:OiQAAOSwD-xmbTT3&itmprp=enc%3AAQAKAAAA8FkggFvd1GGDu0w3yXCmi1cmnJ5bj5N9qKz3R6mBbYVtCNdj1F49T3ujGzdwIjS%2FmOKFWmBg03cXdlNi5J01VQzOqhw7I3Cz6mXw4JEPBcvekLqNXSdPGXsv0qy9pSpx7nVViJWKiB8REy5CWX3Iap%2BywFb8FEX%2FeBqfc8ERYGFAdYcztjnqHowKIcCfASbbSLmj2TxRnIEd9HJrOiCyzTJJhBWMxM9UgUpMZE4%2BBhzJ%2BDhrWzPkHuBlmPkX6FAcC2eI%2FNsIbOuGR4WysoT0Fceyoq6JPkvm%2FEh7TGBURh%2BjIG1h8%2Fuht8gUAsv8BCJGhg%3D%3D%7Ctkp%3ABk9SR7T-tvHHZQ
A ADDTOP Solar Power Bank 26000mAh Portable Solar Charger with 4 Solar Panels,$44.99,https://www.ebay.com/itm/394555184448?_skw=camping+solar+power+bank&itmmeta=01JRZHDQWAAXM2E1G5ZG3XKK6B&hash=item5bdd525540:g:exgAAOSw9dpkMB5f&itmprp=enc%3AAQAKAAABAFkggFvd1GGDu0w3yXCmi1etvo%2Fr8mi6ZgnrUvn7PW0%2FOj7Yzk3yfUGonBMTHZvfIUNEANiogikIeuuYt17FU3VaLokdBQlTZ1lf5bwL1HO5OCK3ZYtgXOX2gDbE93Ovz2BBQajmkzmNs2EKDWeuuDYZqVMjyW9LmptoTNsWfPZ2gOI3izmAYeBciX9s%2FfiKFRNOKglpJOodFrBLHk63%2BvBrkPKn3GfsuoFtqYWNC7w74D3Di%2FComgZQyMS3m1x0oVgOOCMUD0Amw2oFSH5%2ByyqQEUNUKjTko4mw7QGaP8MbY1NH8a%2BDOB7J4VqMe17J7%2BkAPe0PBku146ktoqEZAJs%3D%7Ctkp%3ABk9SR7T-tvHHZQ
BLUETTI Elite200V2 2600W Portable Power Station LFP All-in-one for RV Road Trip,$949.00,https://www.ebay.com/itm/387606208972?_skw=camping+solar+power+bank&itmmeta=01JRZHDQWAV405C8ZPG0YSRMKF&hash=item5a3f2161cc:g:3OEAAOSwRipn86~G&itmprp=enc%3AAQAKAAAA0FkggFvd1GGDu0w3yXCmi1dTzRhYr7PcVuABiW3aECgttOITAynYFlhIQPbUT3%2FZgh8fENiir240f6ieNom%2FY1521405%2BdROvekyZexBa75GImKSucSXX8Sh11OhN1qszr3%2BEiKgpD7Ts6EnV0fBx42l6r7ucAAz0ZFbz%2FJKyqtpV2e9BlGqs8RWSn9mQCAr%2BiAp71cIjuYHfIxIOFXt4Y4csqBal7r72chexQX8kFIrmcqHxhCzwTC2skiandyC%2BC3BNFrxab2qHRCJueLxUIc%3D%7Ctkp%3ABlBMULT-tvHHZQ
